first_name,last_name,gender,city,country
Eli,Gerhartz,Male,Viseu,Brazil
Wenda,Cheyenne,Female,Venado Tuerto,Argentina
Flory,Praundl,Male,Ipameri,Brazil
Ivonne,McCaughan,Female,General Lavalle,Argentina
Fairleigh,Garaghan,Bigender,Barreiros,Brazil
Carmela,Klugman,Female,Bom Conselho,Brazil
Graeme,Blowing,Male,Brasília,Brazil
Meggy,Winfield,Female,Itaqui,Brazil
Meagan,Jendrich,Female,Aimorés,Brazil
Lorita,Johananov,Agender,Itaquyry,Paraguay
Veronike,Lavers,Female,San José de Jáchal,Argentina
Modestia,Jakeman,Female,Acopiara,Brazil
Aurelia,Axcell,Female,Marechal Cândido Rondon,Brazil
Patty,Tym,Female,São José,Brazil
Vick,De Morena,Genderqueer,Itabuna,Brazil
Syd,Breagan,Genderfluid,Maraial,Brazil
Jory,Sarle,Male,Osasco,Brazil
Sianna,Anersen,Female,Ituberá,Brazil
Tildie,Yepiskopov,Female,San Javier,Argentina
Grethel,Nan Carrow,Female,Cabo Frio,Brazil
Sasha,Welband,Male,Praia Grande,Brazil
Katleen,McCanny,Female,Fray Luis A. Beltrán,Argentina
Ethelbert,Vina,Non-binary,Chiguayante,Chile
Andrei,Merfin,Female,Conchal,Brazil
Neila,Vellacott,Female,Senhor do Bonfim,Brazil
Tyler,Coupland,Male,Campo Formoso,Brazil
Angel,Bick,Male,Pirajuí,Brazil
Jacqueline,McNirlan,Bigender,Casimiro de Abreu,Brazil
Norris,Vittore,Male,Nortelândia,Brazil
Kitti,Tomaello,Female,Pimenta Bueno,Brazil
Arnold,Gerald,Male,Itajubá,Brazil
Price,Hayfield,Male,Cruz del Eje,Argentina
Shirline,Jackson,Female,Valinhos,Brazil
Clementius,Skurm,Male,Apiaí,Brazil
Sammy,Sposito,Male,Carandaí,Brazil
Sisely,Havis,Female,Mariano Moreno,Argentina
Malory,Whiff,Female,Muzambinho,Brazil
Flore,Brodeau,Female,Nueve de Julio,Argentina
Craggy,Treat,Male,Tubarão,Brazil
Adham,Leehane,Male,Yumbel,Chile
Laurene,Seers,Female,Santo Anastácio,Brazil
Junia,Wass,Female,Pontevedra,Argentina
Dionis,Fotitt,Female,Armação de Búzios,Brazil
Noe,Elgood,Male,Buritizeiro,Brazil
Thorpe,Manuaud,Male,Marília,Brazil
Trenton,Shields,Bigender,San José de Feliciano,Argentina
Hastings,Dominka,Male,Cacequi,Brazil
Kyrstin,Linde,Female,San Miguel,Paraguay
Eustace,Dunridge,Male,Itaquyry,Paraguay
Barbaraanne,Rowet,Female,Santo Antônio de Jesus,Brazil
Chelsie,Harbin,Female,Pirapora do Bom Jesus,Brazil
Sheba,McWilliam,Polygender,Açucena,Brazil
Kain,Bennie,Male,Limeira,Brazil
Axe,Briffett,Bigender,Doblas,Argentina
Dru,Pau,Male,Gálvez,Argentina
Karly,Jaggard,Female,Chepes,Argentina
Francoise,Millan,Agender,Mogi Guaçu,Brazil
Frasier,Aslett,Male,Cachí,Argentina
Hy,Lightbown,Non-binary,Ribeirão Pires,Brazil
Kayla,Clifforth,Female,El Calafate,Argentina
Calvin,Kirkebye,Genderfluid,Puerto Montt,Chile
Ganny,Marrian,Agender,Longaví,Chile
Adelheid,Glassard,Female,El Soberbio,Argentina
Libbie,Tortoise,Female,Rio Negro,Brazil
Irvine,Paschke,Agender,Nazaré da Mata,Brazil
Sanders,Bramham,Male,Paraíso,Brazil
Kari,Gonet,Female,Guariba,Brazil
Martainn,Flewin,Male,Napenay,Argentina
Giselbert,Delgaty,Male,Passa Quatro,Brazil
Neil,Haggard,Male,Jardim,Brazil
Friedrick,Klisch,Male,Moreno,Brazil
Lelah,Lawler,Female,Forquilhinha,Brazil
Maritsa,Duerden,Female,Carmo do Cajuru,Brazil
Fred,Oluwatoyin,Male,Barão de Cocais,Brazil
Sky,Fedder,Male,São Sebastião,Brazil
Kale,Huikerby,Male,Itapetininga,Brazil
Celestyn,Samber,Female,Aquidauana,Brazil
Meara,Rebanks,Female,Chimbas,Argentina
Madelon,Sloat,Female,Matão,Brazil
Titus,Allen,Male,Armação de Búzios,Brazil
Anet,Padell,Female,Talca,Chile
Parker,Jerger,Male,Itupeva,Brazil
Shay,Rase,Female,Pirapo,Paraguay
Forbes,McAusland,Male,Jesús María,Argentina
Glenine,Bedson,Female,Penedo,Brazil
Dael,Calliss,Agender,Gameleira,Brazil
Vasilis,Craft,Male,Americana,Brazil
Alvinia,Dreini,Female,Itapetinga,Brazil
Coleen,Brea,Female,La Rioja,Argentina
Brod,Sket,Male,Paulínia,Brazil
Berti,Greensides,Female,San Carlos de Bariloche,Argentina
Faunie,Serrurier,Female,Nemby,Paraguay
Winthrop,Morrow,Male,Vazante,Brazil
Almire,Teaser,Female,Pilcaniyeu,Argentina
Jennine,Garry,Female,Nova Viçosa,Brazil
Patrizio,Petrushka,Male,Nova Iguaçu,Brazil
Van,Rillett,Female,Tres Isletas,Argentina
Zora,Camplejohn,Female,Palmas,Brazil
Chaim,Brymham,Male,Candelária,Brazil
Jephthah,Bugge,Male,Ibiporã,Brazil
